{
    "train_mad": 2.5222200902623517,
    "train_mse": 30.031361638317403,
    "train_mape": 120.53071637268332,
    "train_msle": 1.3750720350331274,
    "train_r2": 0.18088113690087915,
    "train_kappa": 0.3984598005862642,
    "val_mad": 3.84490625782472,
    "val_mse": 84.41791289329676,
    "val_mape": 199.47406778583976,
    "val_msle": 1.7119812244590773,
    "val_r2": -0.36868213219578405,
    "val_kappa": 0.4363611591064265
}