{
    "train_mad": 1.8851528272366274,
    "train_mse": 26.716783168504634,
    "train_mape": 57.0053004170941,
    "train_msle": 0.5500852620075906,
    "train_r2": 0.2712877518437631,
    "train_kappa": 0.6887319445035802,
    "val_mad": 1.556566832648627,
    "val_mse": 43.15705984997179,
    "val_mape": 47.172577959426036,
    "val_msle": 0.39407695598469794,
    "val_r2": 0.30028717045608455,
    "val_kappa": 0.765690447869251
}