{
    "train_mad": 2.732099924815289,
    "train_mse": 28.1332728910966,
    "train_mape": 231.39828459633654,
    "train_msle": 1.861518590299426,
    "train_r2": 0.23265235911216242,
    "train_kappa": 0.3833752166077872,
    "val_mad": 2.6226999339280406,
    "val_mse": 49.76898265130868,
    "val_mape": 224.8381710062239,
    "val_msle": 1.7238448976886045,
    "val_r2": 0.19308692956543005,
    "val_kappa": 0.4541190450280873
}