{
    "train_mad": 2.5701986721923755,
    "train_mse": 30.79335086107659,
    "train_mape": 119.19624549900401,
    "train_msle": 1.370790048891193,
    "train_r2": 0.16009753896225243,
    "train_kappa": 0.3801992260734123,
    "val_mad": 2.7549018981569655,
    "val_mse": 58.827751396770445,
    "val_mape": 127.32696287182156,
    "val_msle": 1.516194311436995,
    "val_r2": 0.04621555479833794,
    "val_kappa": 0.3034873724908367
}