{
    "train_mad": 2.4962805924413054,
    "train_mse": 24.628125875610642,
    "train_mape": 197.24901951398238,
    "train_msle": 1.7586797244281445,
    "train_r2": 0.32825681664221396,
    "train_kappa": 0.47517534543483897,
    "val_mad": 2.4171754822157863,
    "val_mse": 47.56432886135104,
    "val_mape": 193.2856255435834,
    "val_msle": 1.5441614269191342,
    "val_r2": 0.2288313604163419,
    "val_kappa": 0.5185512339954927
}