{
    "train_mad": 2.61495804041171,
    "train_mse": 31.753419281766377,
    "train_mape": 124.73521505520996,
    "train_msle": 1.4435373551101949,
    "train_r2": 0.13391124202627214,
    "train_kappa": 0.3455264750869377,
    "val_mad": 2.6314162205379867,
    "val_mse": 56.95725839777495,
    "val_mape": 121.85345556243983,
    "val_msle": 1.413846308050317,
    "val_r2": 0.07654217930702945,
    "val_kappa": 0.34487410690407216
}