{
    "train_mad": 2.3757444575109936,
    "train_mse": 33.91837689839666,
    "train_mape": 94.52455277531328,
    "train_msle": 1.0433030864470134,
    "train_r2": 0.07486105166363033,
    "train_kappa": 0.5261170154527512,
    "val_mad": 2.069437612693314,
    "val_mse": 49.302722280961056,
    "val_mape": 82.02807552348762,
    "val_msle": 0.8372486953438653,
    "val_r2": 0.20064648909460747,
    "val_kappa": 0.6192708019484093
}