{
    "train_mad": 2.022074110657157,
    "train_mse": 27.76377402848379,
    "train_mape": 71.62113125780876,
    "train_msle": 0.7411786706910921,
    "train_r2": 0.24273060637597121,
    "train_kappa": 0.6171085808379888,
    "val_mad": 1.711772614828531,
    "val_mse": 45.203983328745224,
    "val_mape": 60.92841884278989,
    "val_msle": 0.5381588631168104,
    "val_r2": 0.2671000482524071,
    "val_kappa": 0.7106455284516279
}